price,area_sqft,city,thana,bedrooms,bathrooms,floor_level,total_floors,building_age,lift,gas_line,airco,generator,security,parking,garagepl,road_width_ft,distance_main_road_m,near_school,near_hospital,near_market,driveway,fullbase,prefarea
33440000,1726,Dhaka,Gulshan-1,3,1,3,3,21,0,1,1,1,1,0,0,60,608,1,1,0,0,0,1
11450000,2439,Rajshahi,Motihar,4,1,3,6,10,1,1,1,1,0,0,0,20,209,0,0,0,1,0,0
9300000,1800,Rajshahi,Boalia,4,2,12,12,21,1,0,0,0,0,0,0,15,346,1,1,0,0,0,0
8290000,1300,Dhaka,Rayer Bazar,3,1,8,10,29,1,1,0,1,0,1,2,60,754,0,0,1,0,0,0
23350000,2644,Sylhet,Amberkhana,5,4,3,3,7,0,0,0,1,0,1,2,60,624,0,1,1,1,0,0
5150000,860,Rajshahi,Poba,5,4,10,12,17,1,0,0,1,0,1,2,80,61,1,0,1,0,0,0
11820000,1331,Sylhet,Shahjalal,2,2,11,15,6,1,0,0,1,1,0,0,15,432,1,0,0,0,0,0
15330000,922,Dhaka,Dhanmondi,2,2,2,6,24,1,1,1,1,1,1,2,15,181,0,1,0,1,1,1
10130000,1876,Chattogram,Pahartali,5,3,8,11,3,1,0,1,1,1,0,0,15,280,0,1,0,0,1,0
25630000,2588,Chattogram,Nasirabad,3,3,3,7,18,1,1,1,0,0,1,1,30,298,1,0,0,0,1,0
5380000,1047,Rajshahi,Rajpara,3,1,4,7,4,1,0,1,0,0,1,1,30,237,1,0,1,1,1,0
26990000,2264,Chattogram,GEC Circle,5,4,4,7,28,1,1,1,1,1,1,1,10,218,0,0,1,0,0,1
8540000,1377,Rajshahi,Motihar,4,2,1,5,1,1,0,1,1,1,0,0,60,371,0,0,1,1,0,1
5840000,878,Dhaka,Rayer Bazar,3,2,2,3,18,0,1,1,1,1,1,2,40,90,1,1,0,1,1,1
8240000,1828,Chattogram,Pahartali,5,3,2,2,19,0,1,0,1,1,0,0,40,152,1,0,1,1,0,0
15250000,1826,Dhaka,Shyamoli,2,1,5,5,23,1,1,0,0,0,1,1,40,209,0,1,0,1,0,0
7170000,614,Sylhet,Sylhet Sadar,4,2,11,11,23,1,1,1,0,0,1,2,30,614,0,0,1,1,1,0
8120000,763,Sylhet,Zindabazar,4,2,11,11,11,1,0,0,1,1,1,1,80,623,0,1,1,1,0,0
7100000,1692,Rajshahi,Motihar,3,3,2,2,27,0,1,0,1,1,0,0,30,277,1,1,0,0,1,0
6460000,1956,Rajshahi,Poba,2,1,5,6,1,1,0,0,0,1,1,1,10,660,0,1,1,1,0,0
23850000,2366,Chattogram,Nasirabad,2,2,10,12,27,1,0,0,0,0,1,1,10,787,1,0,1,0,1,0
6760000,601,Sylhet,Uposhohor,4,3,4,6,14,1,0,0,0,1,1,2,30,502,1,0,0,1,0,0
8730000,1871,Chattogram,Pahartali,3,1,3,3,7,0,0,0,0,0,0,0,30,675,1,0,0,0,0,0
6100000,1320,Rajshahi,Motihar,5,1,9,9,14,1,0,0,0,0,1,2,15,525,0,0,1,0,0,0
13700000,2544,Chattogram,Pahartali,5,3,4,9,8,1,1,1,1,1,1,1,80,583,1,0,1,1,0,0
25550000,2299,Chattogram,Agrabad,5,3,9,12,1,1,0,0,0,0,1,1,15,480,1,1,1,0,0,0
6540000,1503,Rajshahi,Poba,5,2,5,8,0,1,0,1,0,1,1,2,30,394,0,1,1,0,1,0
12170000,2491,Rajshahi,Motihar,3,1,5,7,6,1,1,0,0,1,1,1,30,384,1,1,1,0,0,0
6080000,764,Dhaka,Shyamoli,2,1,4,4,19,1,0,0,0,0,0,0,15,294,0,0,0,1,0,0
13790000,2137,Dhaka,Mirpur-1,5,2,2,3,3,1,0,0,0,0,1,2,60,358,0,1,0,0,1,0
12290000,1226,Sylhet,Uposhohor,5,2,12,14,19,1,0,0,0,1,1,1,80,601,0,1,1,0,0,0
4930000,717,Rajshahi,Rajpara,5,3,3,4,11,0,0,0,0,1,1,1,80,314,1,0,1,1,0,0
3480000,670,Rajshahi,Shah Makhdum,2,2,4,5,9,1,0,0,0,1,1,1,60,645,0,1,1,1,1,0
19510000,2794,Dhaka,Tejgaon,3,1,4,7,8,1,0,0,0,1,1,2,60,653,0,1,1,1,1,0
13660000,2610,Chattogram,Pahartali,2,1,10,11,15,1,1,0,1,1,0,0,30,398,1,0,0,1,0,0
15700000,1616,Sylhet,Sylhet Sadar,2,2,10,14,7,1,0,0,0,1,1,1,80,585,0,0,0,0,1,0
9490000,932,Chattogram,Nasirabad,3,1,3,3,5,0,1,0,1,0,1,1,10,468,1,1,1,0,0,0
6810000,1070,Chattogram,Muradpur,3,3,3,3,2,0,0,0,0,1,1,1,10,219,1,1,1,1,0,0
6300000,1625,Rajshahi,Rajpara,2,1,4,8,18,1,0,1,0,0,1,1,10,738,1,0,1,0,0,0
10420000,2272,Rajshahi,Rajpara,4,3,11,11,10,1,0,0,0,0,1,1,30,760,1,1,0,1,0,0
23910000,2492,Dhaka,Shyamoli,5,1,4,6,19,1,1,0,1,1,1,2,80,560,0,0,1,0,0,0
6230000,656,Chattogram,Nasirabad,5,1,4,4,14,0,0,0,0,0,0,0,10,713,1,0,1,0,0,0
19720000,1731,Chattogram,Agrabad,5,3,9,9,9,1,0,0,0,0,1,2,60,355,1,0,1,0,0,0
11930000,2168,Chattogram,Halishahar,3,2,1,3,15,0,0,1,0,1,1,1,60,440,0,1,1,0,1,0
5640000,1190,Rajshahi,Boalia,5,2,2,4,10,0,0,0,0,1,1,1,40,759,0,0,0,1,1,0
9290000,970,Sylhet,Amberkhana,5,1,11,11,14,1,1,0,1,0,1,1,15,760,1,0,1,0,1,0
11720000,2166,Dhaka,Rayer Bazar,3,2,10,10,14,1,1,0,0,0,1,1,60,310,1,0,1,0,0,0
12400000,2471,Rajshahi,Rajpara,4,2,7,10,3,1,1,0,1,0,1,2,15,440,1,1,0,0,0,0
8520000,1542,Rajshahi,Rajpara,4,2,11,12,21,1,1,1,0,1,1,2,80,788,0,1,1,1,0,0
11260000,1319,Sylhet,Uposhohor,3,1,9,11,16,1,0,0,1,0,1,1,20,218,0,0,1,0,1,0
8280000,2098,Rajshahi,Poba,2,2,1,3,3,1,1,0,0,0,1,2,30,427,1,0,0,1,0,0
22510000,2501,Dhaka,Shyamoli,4,4,2,2,30,1,1,1,1,1,1,1,10,361,1,1,0,0,0,1
7670000,1005,Chattogram,Muradpur,5,4,5,5,6,1,1,0,0,0,0,0,30,505,1,1,1,1,0,0
7130000,1468,Rajshahi,Boalia,2,1,6,6,25,1,0,0,0,1,0,0,40,260,0,0,1,1,0,0
10470000,1626,Chattogram,Halishahar,3,1,11,11,4,1,1,0,1,0,0,0,10,416,1,1,1,1,0,0
6800000,1507,Rajshahi,Poba,2,2,8,8,1,1,0,0,1,1,1,1,30,461,0,1,1,0,0,0
25280000,2773,Sylhet,Uposhohor,4,4,9,12,3,1,0,0,0,1,0,0,80,768,1,1,1,1,0,0
17090000,2348,Dhaka,Mirpur-10,4,3,6,7,2,1,1,0,1,1,0,0,10,137,0,0,0,1,0,0
9420000,1778,Rajshahi,Boalia,4,3,2,6,6,1,1,0,0,0,1,1,15,722,0,0,0,0,0,0
10350000,1695,Dhaka,Rayer Bazar,2,1,5,7,29,1,1,1,1,1,0,0,20,409,0,1,0,0,1,1
16990000,2319,Chattogram,Muradpur,5,3,3,4,23,1,1,1,1,1,1,2,20,631,0,0,1,0,0,1
7730000,1718,Rajshahi,Shah Makhdum,3,3,2,3,3,0,1,1,0,1,1,2,20,744,1,0,0,0,1,0
45500000,2637,Dhaka,Gulshan-1,5,2,3,4,16,1,1,1,1,1,1,1,40,734,1,0,0,0,0,1
4740000,1071,Rajshahi,Rajpara,5,1,6,7,26,1,1,0,0,1,0,0,60,420,0,0,1,0,1,0
36580000,2688,Dhaka,Bashundhara,3,2,6,11,26,1,1,1,1,1,0,0,15,291,0,0,0,1,0,1
11060000,2438,Rajshahi,Shah Makhdum,4,3,3,3,15,0,1,1,0,1,1,1,30,696,1,1,0,0,1,0
5410000,768,Rajshahi,Shah Makhdum,5,2,6,9,16,1,0,1,1,1,1,1,15,113,1,0,1,1,1,1
12340000,2746,Rajshahi,Shah Makhdum,3,2,6,7,13,1,0,0,1,1,1,2,80,396,0,1,0,0,0,0
10000000,933,Chattogram,Nasirabad,3,2,5,10,21,1,1,0,0,1,1,2,30,182,1,0,0,0,0,0
20700000,2334,Dhaka,Shyamoli,4,1,6,6,30,1,1,1,1,1,1,1,15,399,1,0,1,1,0,1
19140000,1979,Dhaka,Shyamoli,3,3,7,7,5,1,1,0,0,0,1,2,80,759,1,0,1,0,0,0
27400000,2521,Chattogram,Nasirabad,3,2,11,14,14,1,0,1,1,0,1,1,80,338,0,1,1,1,0,0
5910000,943,Dhaka,Mirpur-1,3,2,8,9,26,1,0,0,0,0,0,0,30,143,1,1,1,1,1,0
12400000,1163,Sylhet,Amberkhana,2,2,8,9,24,1,0,1,1,1,1,1,60,530,0,0,1,0,1,0
25100000,1576,Dhaka,Gulshan-1,5,4,2,2,19,0,1,1,1,1,1,2,40,66,1,0,0,1,0,1
28350000,2077,Dhaka,Bashundhara,2,1,7,10,1,1,1,0,0,0,1,1,60,446,0,0,0,1,1,0
22100000,2503,Sylhet,Amberkhana,5,2,3,3,1,0,1,0,0,0,0,0,20,256,1,1,0,1,0,0
16840000,1959,Dhaka,Shyamoli,4,1,6,9,23,1,1,0,0,0,1,1,30,445,0,0,1,0,0,0
10560000,1020,Sylhet,Zindabazar,2,2,11,12,14,1,0,1,1,1,1,1,40,784,1,0,0,0,0,1
40740000,2263,Dhaka,Gulshan-2,4,2,1,2,1,0,1,1,1,1,0,0,15,118,1,0,0,0,0,1
10270000,914,Sylhet,Uposhohor,3,3,6,8,20,1,1,1,1,1,0,0,20,305,0,0,1,0,0,1
9790000,1769,Chattogram,Halishahar,5,2,2,2,14,0,0,0,0,0,1,1,15,780,0,1,1,1,0,0
27760000,2683,Chattogram,Nasirabad,3,1,4,5,7,1,0,0,0,1,0,0,80,555,0,1,1,0,0,0
5840000,902,Rajshahi,Shah Makhdum,3,2,11,11,14,1,0,1,1,1,1,1,60,579,0,0,0,1,0,1
52990000,2722,Dhaka,Gulshan-2,3,2,3,4,29,0,1,1,1,1,1,1,60,280,1,1,1,0,1,1
20900000,2785,Sylhet,Shahjalal,2,1,10,11,5,1,1,0,1,0,1,2,60,689,1,0,0,1,1,0
5490000,724,Rajshahi,Poba,5,3,11,12,7,1,1,1,0,0,1,1,80,751,1,0,1,0,0,0
13130000,1135,Sylhet,Uposhohor,4,1,6,7,3,1,1,1,1,1,0,0,20,510,0,0,1,0,0,1
15020000,1880,Sylhet,Shahjalal,3,1,8,11,15,1,1,1,1,1,0,0,20,559,1,1,1,1,1,1
13330000,2798,Rajshahi,Rajpara,2,1,7,8,23,1,1,1,1,1,1,1,20,462,0,1,1,1,0,1
8710000,1086,Sylhet,Shahjalal,3,1,7,8,17,1,0,1,1,0,0,0,20,197,0,0,1,0,1,0
21030000,2209,Sylhet,Amberkhana,4,3,9,13,17,1,0,0,0,0,1,2,30,775,0,0,0,0,1,0
6450000,1532,Rajshahi,Rajpara,2,2,3,7,24,1,1,0,0,1,0,0,80,439,1,0,1,1,0,0
5720000,1165,Rajshahi,Boalia,3,3,6,9,16,1,0,0,0,0,0,0,30,371,0,0,1,1,0,0
13400000,1822,Sylhet,Shahjalal,3,2,5,6,22,1,0,0,0,1,1,1,60,550,0,0,0,1,0,0
7100000,772,Chattogram,Nasirabad,4,1,6,8,23,1,1,0,1,1,0,0,30,269,0,1,1,0,1,0
12640000,1010,Chattogram,Agrabad,5,3,12,12,21,1,0,1,0,0,0,0,80,190,1,0,0,1,1,0
33230000,1551,Dhaka,Gulshan-2,2,1,7,8,29,1,1,1,1,1,1,1,10,456,0,0,1,1,1,1
13270000,1765,Dhaka,Mirpur-10,5,4,3,7,14,1,1,0,0,1,0,0,20,247,1,1,0,1,0,0
10980000,2710,Rajshahi,Shah Makhdum,4,1,7,7,5,1,1,0,0,1,1,1,15,538,1,0,1,1,0,0
10830000,1084,Chattogram,Agrabad,5,3,3,5,22,1,1,0,0,0,1,1,10,704,0,1,0,0,0,0
12090000,935,Chattogram,GEC Circle,5,3,2,2,1,0,1,0,0,0,1,2,80,610,0,0,0,1,1,0
12730000,2301,Chattogram,Halishahar,5,1,9,11,23,1,0,0,1,1,1,1,10,455,1,0,0,1,0,0
13610000,2274,Dhaka,Mirpur-1,3,1,11,16,30,1,1,1,0,0,1,1,30,433,1,0,1,0,0,0
7670000,1512,Chattogram,Pahartali,2,1,5,8,17,1,1,1,0,0,0,0,30,285,1,0,0,0,0,0
11510000,875,Chattogram,GEC Circle,2,1,8,8,7,1,0,0,0,1,1,1,60,95,0,1,0,0,0,0
19080000,1836,Sylhet,Amberkhana,3,3,9,10,9,1,0,0,0,0,1,2,20,112,1,0,0,0,0,0
22770000,2272,Sylhet,Uposhohor,3,2,7,8,7,1,1,0,1,0,1,1,80,280,1,0,1,1,0,0
20860000,2119,Dhaka,Uttara,2,1,1,2,21,1,1,0,0,0,0,0,40,667,0,1,0,1,0,0
19410000,2561,Dhaka,Tejgaon,3,3,10,11,12,1,1,0,0,1,1,1,15,615,0,0,1,0,0,0
15870000,2118,Sylhet,Amberkhana,4,4,1,2,23,0,0,0,1,1,1,1,15,66,0,1,1,0,0,0
9550000,2487,Rajshahi,Shah Makhdum,3,3,6,6,23,1,0,0,1,1,0,0,40,550,0,0,0,0,0,0
14250000,1218,Chattogram,Agrabad,2,1,9,11,1,1,0,0,1,0,1,2,40,703,1,1,0,1,1,0
7150000,1038,Rajshahi,Motihar,2,1,4,5,26,1,0,1,1,1,1,1,20,323,1,1,0,1,0,1
9540000,729,Dhaka,Shyamoli,2,2,7,10,1,1,1,1,1,1,1,2,60,59,1,0,1,0,1,1
22810000,1465,Dhaka,Dhanmondi,5,3,1,1,28,1,1,1,1,1,1,2,40,627,0,0,0,0,0,1
9110000,1265,Dhaka,Mirpur-1,3,3,7,11,10,1,1,0,1,0,1,2,30,193,0,1,0,0,0,0
15970000,1719,Sylhet,Sylhet Sadar,5,4,4,6,30,1,0,1,0,0,0,0,30,492,0,1,1,0,0,0
10930000,2077,Rajshahi,Rajpara,2,1,1,2,11,1,0,1,1,1,0,0,80,326,0,0,1,1,1,1
8430000,650,Sylhet,Uposhohor,4,4,7,7,23,1,0,1,1,1,1,2,40,298,1,1,1,1,0,0
14650000,1610,Sylhet,Zindabazar,5,2,8,8,9,1,1,0,0,0,1,1,10,455,0,0,1,1,0,0
12520000,1886,Chattogram,Muradpur,3,2,6,8,22,1,1,0,0,0,1,2,60,552,0,1,0,1,0,0
21920000,2490,Dhaka,Tejgaon,3,2,5,10,2,1,1,1,0,0,1,2,80,468,0,1,0,1,0,0
2580000,750,Rajshahi,Poba,4,1,2,3,21,1,0,0,0,0,0,0,60,413,0,0,1,1,0,0
17820000,2132,Chattogram,Muradpur,5,4,11,15,4,1,0,1,1,1,1,1,20,75,0,1,0,1,0,1
16730000,2734,Rajshahi,Motihar,5,3,8,8,23,1,1,1,1,1,1,1,60,513,0,1,1,1,0,1
9520000,1314,Chattogram,Halishahar,3,2,9,12,7,1,0,1,1,1,1,2,80,464,1,1,0,1,0,1
10010000,1479,Rajshahi,Boalia,3,2,12,18,2,1,1,1,1,1,1,2,40,154,1,1,0,1,0,1
7980000,2207,Rajshahi,Poba,2,2,6,9,19,1,0,0,0,1,1,2,15,739,1,1,1,1,0,0
14040000,2171,Chattogram,Halishahar,5,2,8,12,22,1,1,1,1,1,1,2,60,227,1,0,0,0,0,1
8070000,1399,Rajshahi,Motihar,5,4,7,10,13,1,0,1,1,1,1,1,60,504,0,1,1,1,1,1
8650000,2628,Rajshahi,Poba,2,1,5,9,26,1,0,1,0,0,0,0,20,605,0,1,0,1,1,0
10830000,1080,Dhaka,Uttara,3,1,12,14,27,1,1,0,0,0,1,2,60,674,0,0,1,1,0,0
14510000,1695,Sylhet,Zindabazar,2,1,7,7,27,1,1,0,0,0,1,2,60,179,0,0,1,1,0,0
6790000,981,Rajshahi,Boalia,5,3,12,13,30,1,0,1,1,1,1,2,30,385,0,0,1,0,0,1
31780000,2229,Dhaka,Bashundhara,3,2,4,6,10,1,1,0,0,0,1,1,80,340,0,1,0,0,1,0
15610000,2469,Chattogram,Muradpur,2,2,4,5,28,1,0,1,0,1,0,0,60,359,0,0,1,0,0,0
7320000,973,Chattogram,Muradpur,2,1,4,4,4,1,0,0,0,0,1,2,40,281,1,1,1,0,1,0
17670000,1825,Sylhet,Zindabazar,3,2,3,8,4,1,0,1,1,1,1,2,10,593,1,0,0,1,0,1
4320000,955,Rajshahi,Motihar,2,1,2,5,11,1,0,1,0,0,0,0,30,372,1,0,1,0,0,0
16430000,2687,Chattogram,Halishahar,3,3,7,9,1,1,1,0,1,0,1,1,80,295,1,1,1,1,0,0
6540000,1307,Rajshahi,Rajpara,5,1,1,1,0,0,1,0,0,0,0,0,20,270,1,0,0,1,1,0
6240000,923,Dhaka,Mirpur-1,3,1,9,10,18,1,1,0,0,1,1,2,60,715,1,0,1,0,1,0
7600000,651,Chattogram,Agrabad,3,3,1,2,30,0,1,1,0,1,1,2,20,585,0,0,1,0,1,0
7740000,915,Dhaka,Mirpur-1,5,4,9,9,15,1,1,1,0,0,0,0,80,630,1,0,1,0,1,0
9520000,2168,Rajshahi,Rajpara,3,1,1,4,7,0,0,0,1,0,1,1,20,304,1,1,1,1,0,0
8090000,1872,Rajshahi,Rajpara,4,1,9,9,11,1,0,1,0,0,1,2,15,348,0,0,0,1,0,0
23250000,2279,Chattogram,Agrabad,2,1,9,11,26,1,0,1,1,1,1,1,60,59,0,0,1,1,1,1
7920000,1183,Rajshahi,Boalia,4,1,1,2,22,1,1,1,1,1,1,2,20,519,0,1,1,1,0,1
17530000,1669,Chattogram,Nasirabad,4,4,12,17,10,1,0,1,0,1,1,1,20,513,1,0,1,1,0,0
13830000,1862,Chattogram,Muradpur,5,3,2,2,25,1,0,0,1,1,1,2,60,361,1,0,0,1,0,0
21960000,2452,Dhaka,Mohammadpur,3,1,8,8,3,1,1,1,1,1,0,0,10,113,0,0,1,1,0,1
28640000,1409,Dhaka,Gulshan-2,5,2,2,8,25,1,1,1,1,1,0,0,20,175,0,0,0,1,0,1
9500000,2049,Rajshahi,Motihar,3,1,5,6,28,1,1,0,0,0,1,2,15,85,1,1,1,1,0,0
5120000,679,Chattogram,Pahartali,5,3,8,11,11,1,1,0,1,0,1,1,40,564,0,1,0,1,0,0
11510000,1010,Chattogram,GEC Circle,3,3,4,6,26,1,0,0,0,0,0,0,80,107,1,1,1,0,0,0
18890000,2040,Dhaka,Tejgaon,3,3,4,10,28,1,1,1,1,1,1,1,30,605,1,0,1,1,0,1
23410000,1995,Chattogram,GEC Circle,3,2,1,1,18,0,0,0,0,0,0,0,60,195,1,1,1,1,0,0
7140000,1313,Rajshahi,Rajpara,4,2,11,12,12,1,0,1,1,1,1,1,20,755,0,0,1,0,0,1
40160000,1903,Dhaka,Banani,3,3,10,10,4,1,1,1,1,1,0,0,20,129,1,0,0,0,0,1
7670000,646,Sylhet,Uposhohor,4,2,4,4,11,0,0,1,1,1,1,2,20,160,0,0,1,1,0,1
17090000,1523,Dhaka,Uttara,3,2,2,8,1,1,1,0,0,1,1,1,20,70,1,0,0,1,0,0
12680000,2366,Rajshahi,Boalia,3,3,7,7,3,1,0,0,0,0,0,0,20,260,1,1,1,1,0,0
6160000,615,Dhaka,Mirpur-10,5,1,5,10,20,1,1,1,1,1,0,0,40,541,0,0,1,1,0,1
6740000,1685,Rajshahi,Shah Makhdum,2,2,3,4,11,0,1,0,1,0,0,0,15,506,0,1,1,1,0,0
7370000,849,Chattogram,Halishahar,5,4,9,12,18,1,0,1,1,1,1,1,15,537,0,0,0,0,0,1
27080000,2439,Chattogram,Agrabad,3,1,4,5,4,1,0,0,0,0,0,0,10,483,1,0,0,1,0,0
10050000,1935,Rajshahi,Poba,4,4,1,6,19,1,1,1,1,1,1,1,40,585,0,0,0,1,1,1
18380000,2793,Dhaka,Mirpur-1,4,4,5,8,18,1,1,1,1,1,0,0,40,534,0,0,1,1,0,1
25830000,2546,Chattogram,Agrabad,4,3,1,2,9,0,1,0,0,0,1,2,20,553,1,0,0,1,0,0
10500000,2715,Rajshahi,Shah Makhdum,4,1,9,10,2,1,0,0,0,1,1,2,20,776,0,1,1,1,1,0
14600000,1722,Sylhet,Amberkhana,4,4,9,9,21,1,0,0,0,0,1,1,10,297,1,0,1,0,1,0
7110000,803,Dhaka,Mohammadpur,3,3,4,5,20,1,1,1,0,0,0,0,15,743,1,0,0,0,1,0
14760000,1851,Sylhet,Shahjalal,4,4,7,9,14,1,0,0,0,1,1,1,20,273,0,0,0,0,0,0
10130000,1042,Sylhet,Zindabazar,5,1,6,8,10,1,0,0,1,0,1,1,80,333,1,1,0,0,0,0
8680000,704,Sylhet,Amberkhana,5,3,5,8,12,1,0,1,0,1,1,2,60,86,0,0,0,0,0,0
7180000,1341,Chattogram,Pahartali,4,1,8,9,23,1,0,0,1,1,0,0,80,622,0,0,0,1,0,0
14120000,2527,Rajshahi,Boalia,2,1,8,8,27,1,1,0,1,1,1,2,60,440,1,0,0,1,0,0
27610000,2597,Chattogram,Agrabad,4,2,6,6,0,1,1,0,0,0,0,0,30,330,1,0,0,1,0,0
7050000,754,Rajshahi,Boalia,3,3,6,6,24,1,1,1,1,1,0,0,80,593,0,1,0,1,1,1
8780000,867,Sylhet,Amberkhana,2,2,5,7,13,1,0,0,1,0,1,1,60,187,0,1,1,0,1,0
13100000,2666,Dhaka,Rayer Bazar,3,1,6,11,25,1,1,1,0,0,1,2,10,434,0,1,0,1,0,0
11640000,1227,Sylhet,Uposhohor,3,3,11,11,9,1,1,0,1,0,0,0,30,727,1,0,1,1,1,0
9290000,1418,Chattogram,Halishahar,4,2,6,9,9,1,1,0,0,1,1,2,15,90,0,0,0,0,1,0
13470000,907,Dhaka,Bashundhara,2,2,11,12,9,1,1,1,1,1,0,0,20,525,1,1,0,1,0,1
15030000,639,Dhaka,Gulshan-1,3,3,11,12,11,1,1,1,1,1,1,1,30,686,0,1,1,0,1,1
9940000,2327,Rajshahi,Shah Makhdum,3,1,3,8,1,1,0,0,0,1,0,0,80,213,1,1,1,0,0,0
17500000,2599,Chattogram,Muradpur,2,2,8,8,8,1,0,0,0,0,0,0,60,371,0,0,1,1,0,0
15030000,1618,Dhaka,Mohammadpur,5,3,11,16,12,1,1,1,1,1,1,2,15,621,1,0,0,0,1,1
6650000,1586,Rajshahi,Rajpara,4,3,1,2,17,1,0,0,1,0,1,1,60,437,1,0,0,1,0,0
8590000,600,Dhaka,Bashundhara,2,2,9,10,20,1,1,1,0,0,1,1,60,517,0,0,0,0,1,0
22660000,1998,Chattogram,Agrabad,4,3,9,11,22,1,0,0,0,1,0,0,10,96,1,1,0,1,0,0
9730000,1984,Chattogram,Pahartali,2,2,1,6,18,1,0,1,0,0,1,1,10,511,1,0,0,1,0,0
6170000,1311,Chattogram,Pahartali,3,1,7,11,19,1,0,0,1,0,1,1,20,566,1,1,0,1,0,0
13580000,1885,Sylhet,Shahjalal,3,1,4,6,21,1,0,0,0,0,0,0,20,738,1,1,1,1,0,0
9140000,1771,Rajshahi,Poba,5,1,9,9,12,1,1,1,1,1,1,2,15,104,0,0,0,1,1,1
6450000,732,Sylhet,Amberkhana,4,4,2,6,27,1,0,0,0,0,1,2,15,712,1,1,1,0,0,0
31810000,1629,Dhaka,Gulshan-1,3,3,8,9,29,1,1,1,1,1,1,2,60,771,0,0,0,0,0,1
13730000,1326,Sylhet,Uposhohor,2,1,3,7,3,1,1,1,0,1,1,1,30,91,1,0,1,0,0,0
18140000,2066,Sylhet,Uposhohor,2,2,9,9,16,1,0,1,1,1,0,0,10,567,1,1,1,0,0,0
44320000,2017,Dhaka,Gulshan-2,5,2,11,15,7,1,1,1,1,1,1,1,10,748,0,1,1,0,1,1
20990000,2683,Sylhet,Shahjalal,5,4,1,3,6,1,0,0,1,1,0,0,20,576,0,0,0,1,1,0
7500000,1229,Rajshahi,Boalia,2,2,12,12,2,1,0,0,1,1,0,0,10,105,1,0,1,1,0,0
9270000,859,Dhaka,Shyamoli,2,1,6,6,9,1,1,0,0,0,1,1,80,752,1,1,1,0,0,0
15120000,1820,Sylhet,Amberkhana,4,1,9,13,4,1,1,0,1,1,0,0,10,92,0,0,1,0,0,0
15300000,1353,Chattogram,GEC Circle,3,3,5,5,5,1,0,0,0,0,0,0,60,630,1,1,1,0,0,0
9280000,1125,Sylhet,Zindabazar,3,1,5,5,28,1,0,0,0,0,1,1,15,375,1,1,1,1,1,0
12660000,2386,Chattogram,Pahartali,4,3,3,8,10,1,1,0,1,0,1,1,30,523,0,0,1,1,1,0
7360000,908,Dhaka,Tejgaon,2,1,10,13,24,1,1,0,0,0,0,0,40,267,1,1,0,0,1,0
13750000,2690,Rajshahi,Poba,2,2,6,6,21,1,0,1,1,1,1,2,15,678,1,1,0,0,0,1
4220000,765,Rajshahi,Rajpara,3,2,4,4,11,0,1,0,0,1,1,2,15,93,0,1,0,1,0,0
11250000,1312,Sylhet,Shahjalal,5,4,6,6,16,1,1,0,0,0,0,0,20,435,0,0,1,1,1,0
11630000,1215,Sylhet,Amberkhana,3,1,6,6,21,1,0,0,1,1,1,1,15,474,0,1,1,0,1,0
6610000,1201,Dhaka,Rayer Bazar,2,1,5,6,19,1,1,0,0,1,0,0,40,702,0,0,1,1,0,0
9620000,1344,Chattogram,Halishahar,4,2,12,14,29,1,1,1,1,1,1,2,30,660,1,1,1,0,0,1
7040000,994,Chattogram,Halishahar,3,2,10,10,28,1,1,0,0,0,1,2,80,594,1,0,0,1,0,0
19970000,2770,Dhaka,Tejgaon,5,2,8,14,12,1,0,0,1,0,1,2,20,653,0,1,1,1,1,0
5750000,629,Dhaka,Tejgaon,2,1,7,8,22,1,1,0,1,0,1,1,80,373,1,1,1,0,0,0
9900000,2576,Rajshahi,Poba,3,2,9,12,8,1,1,1,0,1,1,1,20,641,1,0,0,1,0,0
7720000,813,Sylhet,Shahjalal,3,2,11,11,26,1,1,1,1,1,1,2,15,532,1,0,0,1,0,0
59730000,2624,Dhaka,Banani,5,1,4,9,29,1,1,1,1,1,1,1,80,580,0,0,0,0,0,1
5670000,601,Sylhet,Amberkhana,3,1,5,8,11,1,0,0,1,1,1,1,60,454,1,0,0,1,0,0
14100000,1396,Sylhet,Amberkhana,5,4,10,10,5,1,0,0,1,0,0,0,30,568,1,0,0,1,0,0
9550000,2580,Rajshahi,Poba,3,2,8,11,28,1,1,1,1,1,1,1,40,78,0,0,0,1,0,1
20410000,2794,Sylhet,Shahjalal,2,2,4,4,12,1,1,1,0,1,0,0,60,400,0,0,1,0,1,0
14380000,1446,Chattogram,Nasirabad,3,1,4,8,11,1,0,0,0,0,0,0,15,159,0,1,1,0,0,0
13500000,1349,Sylhet,Uposhohor,4,4,4,8,4,1,0,0,0,0,1,1,10,588,1,0,0,1,0,0
12520000,1463,Dhaka,Shyamoli,5,1,6,8,27,1,1,0,0,1,1,2,20,241,1,0,0,1,0,0
6730000,1137,Rajshahi,Motihar,3,1,12,12,17,1,0,1,1,1,0,0,30,440,1,0,1,1,0,1
18960000,1828,Sylhet,Uposhohor,4,1,7,7,1,1,1,0,1,0,1,1,15,310,0,0,1,1,0,0
8080000,1314,Chattogram,Halishahar,4,3,6,10,15,1,1,0,1,1,0,0,80,507,0,1,0,0,0,0
29050000,1263,Dhaka,Gulshan-2,4,2,6,8,9,1,1,1,1,1,1,2,60,323,1,0,0,1,0,1
6940000,1285,Rajshahi,Shah Makhdum,3,1,3,4,21,1,1,1,1,1,1,2,20,767,1,0,1,1,0,1
34630000,1675,Dhaka,Gulshan-2,3,1,11,13,7,1,1,1,1,1,1,1,15,340,1,0,1,0,0,1
27620000,2513,Sylhet,Uposhohor,4,4,3,7,5,1,0,0,0,0,1,1,40,661,1,1,1,0,0,0
17860000,1664,Sylhet,Uposhohor,3,2,1,1,11,0,0,1,1,1,1,2,20,530,1,1,1,1,1,1
23860000,2130,Dhaka,Bashundhara,3,2,9,12,7,1,1,1,0,0,1,2,15,782,0,0,0,1,0,0
13370000,1370,Sylhet,Uposhohor,2,1,3,3,20,0,1,1,1,0,1,1,30,682,1,1,1,0,0,0
13100000,1217,Chattogram,Agrabad,2,2,4,5,9,1,0,0,0,0,1,1,80,560,1,0,1,1,1,0
7130000,651,Sylhet,Uposhohor,2,1,7,10,7,1,0,0,0,0,0,0,60,84,0,1,1,0,1,0
15650000,2571,Dhaka,Mirpur-1,4,2,6,6,3,1,1,0,1,0,1,1,15,698,1,1,0,1,0,0
17790000,1618,Sylhet,Sylhet Sadar,3,2,2,6,10,1,0,1,1,1,0,0,80,690,0,0,1,1,0,1
14600000,1390,Sylhet,Uposhohor,2,2,6,7,8,1,1,0,1,1,1,2,10,546,1,0,1,0,0,0
30630000,2775,Chattogram,Agrabad,3,2,5,7,17,1,0,0,0,0,0,0,20,514,1,0,1,1,0,0
13240000,2746,Rajshahi,Motihar,5,2,10,11,13,1,0,1,1,1,0,0,60,379,1,0,1,1,1,1
8960000,730,Chattogram,Agrabad,5,4,9,13,8,1,1,0,1,0,0,0,10,425,0,1,0,1,0,0
6070000,838,Rajshahi,Rajpara,4,1,12,12,2,1,1,1,1,1,0,0,15,581,1,1,0,0,0,1
9560000,2066,Rajshahi,Boalia,5,4,2,2,17,0,0,0,0,0,1,1,30,566,0,0,1,0,0,0
15940000,1585,Sylhet,Shahjalal,3,2,9,11,11,1,1,1,1,1,1,1,30,508,1,1,1,0,1,1
24330000,1889,Chattogram,GEC Circle,2,2,9,13,18,1,1,1,1,1,0,0,40,208,1,1,1,1,0,1
10330000,2237,Dhaka,Rayer Bazar,3,3,2,4,25,0,1,0,0,1,1,1,30,227,0,0,1,1,0,0
23340000,2306,Sylhet,Uposhohor,2,1,12,16,29,1,1,1,0,1,1,2,10,699,0,1,1,0,0,0
10820000,2667,Rajshahi,Poba,2,1,7,8,4,1,0,0,1,0,0,0,15,394,1,0,0,1,1,0
7190000,1403,Rajshahi,Poba,3,1,2,3,10,0,1,1,1,1,0,0,60,639,1,1,0,0,1,1
16200000,2411,Sylhet,Shahjalal,3,2,1,2,6,0,1,1,0,0,0,0,60,432,0,0,1,0,1,0
4040000,693,Rajshahi,Shah Makhdum,4,2,12,13,6,1,0,0,0,0,1,1,40,585,1,0,1,1,1,0
10200000,1711,Chattogram,Pahartali,2,2,11,11,12,1,0,0,1,0,1,2,60,327,0,1,1,0,1,0
24330000,2777,Sylhet,Uposhohor,2,1,4,7,17,1,0,0,0,1,0,0,60,72,1,1,0,1,0,0
19680000,1655,Sylhet,Sylhet Sadar,5,1,9,9,4,1,0,1,1,1,1,2,20,452,0,0,0,0,0,1
14670000,1879,Chattogram,Muradpur,4,4,9,9,20,1,1,1,0,0,1,2,15,644,0,0,0,0,0,0
7780000,877,Chattogram,Nasirabad,2,1,6,7,23,1,1,0,0,0,1,1,10,376,0,1,1,1,1,0
12250000,1545,Sylhet,Shahjalal,3,1,11,11,2,1,0,0,0,0,0,0,60,538,1,1,1,1,0,0
11920000,2291,Dhaka,Mirpur-1,3,3,11,11,2,1,1,0,1,0,1,2,15,499,1,0,1,1,0,0
12520000,1047,Dhaka,Bashundhara,5,4,1,2,23,0,1,0,0,1,1,1,10,621,0,0,1,0,1,0
15950000,2450,Chattogram,Muradpur,2,1,3,7,30,1,1,1,0,0,0,0,60,609,0,0,1,1,0,0
6000000,1106,Chattogram,Pahartali,2,1,12,14,2,1,0,0,1,0,1,1,40,774,1,1,1,0,0,0
19010000,1332,Chattogram,GEC Circle,2,2,5,7,24,1,0,1,1,1,1,2,30,345,0,1,0,1,0,1
2890000,623,Rajshahi,Poba,5,2,4,7,14,1,1,0,1,0,0,0,30,502,0,1,1,1,0,0
18730000,1822,Chattogram,Agrabad,4,1,1,1,5,0,0,0,1,0,1,1,15,738,0,0,1,1,0,0
11790000,2350,Rajshahi,Boalia,2,2,8,8,22,1,0,0,0,1,1,1,80,331,0,0,0,1,0,0
20490000,1896,Sylhet,Uposhohor,4,3,3,7,15,1,0,0,1,1,1,2,40,796,1,1,1,0,0,0
11550000,2298,Chattogram,Halishahar,5,1,6,8,25,1,0,0,1,1,0,0,60,267,0,0,1,1,0,0
30500000,1394,Dhaka,Banani,4,3,11,14,25,1,1,1,1,1,0,0,10,711,0,0,1,1,0,1
14060000,2734,Rajshahi,Boalia,4,3,9,9,6,1,0,0,0,1,1,1,40,751,1,0,0,0,0,0
5330000,1078,Rajshahi,Motihar,4,3,12,12,13,1,0,0,0,1,0,0,10,558,1,1,1,1,0,0
5730000,1231,Rajshahi,Poba,3,2,8,12,9,1,1,0,0,0,0,0,80,385,1,1,1,0,1,0
11090000,956,Sylhet,Sylhet Sadar,4,4,1,1,0,0,1,0,0,0,1,2,40,369,1,1,1,1,0,0
28370000,2034,Dhaka,Dhanmondi,4,3,3,5,18,1,1,1,1,1,0,0,15,225,0,0,1,1,0,1
45520000,2171,Dhaka,Gulshan-2,2,1,7,8,22,1,0,1,1,1,1,2,40,656,0,1,0,0,0,1
11380000,1139,Dhaka,Uttara,2,2,2,4,21,0,1,0,1,0,1,1,60,777,1,0,1,0,0,0
5280000,867,Rajshahi,Boalia,5,1,6,9,27,1,1,1,0,0,1,1,15,339,1,0,0,1,0,0
8860000,1598,Rajshahi,Motihar,3,2,7,7,6,1,0,0,0,0,1,2,80,760,1,0,0,0,0,0
16070000,2496,Dhaka,Rayer Bazar,4,1,8,9,30,1,0,1,1,1,1,2,30,121,1,0,0,1,0,1
23490000,1211,Dhaka,Banani,5,3,7,11,14,1,1,1,1,1,1,2,15,260,0,0,0,0,0,1
7760000,633,Sylhet,Sylhet Sadar,5,2,5,5,28,1,0,0,0,0,0,0,40,104,1,0,1,1,0,0
4870000,1465,Rajshahi,Shah Makhdum,3,2,3,4,26,0,1,1,0,1,0,0,20,477,0,0,0,1,1,0
9260000,2343,Rajshahi,Shah Makhdum,3,2,9,12,12,1,1,0,0,0,0,0,20,281,1,0,1,1,1,0
5800000,1063,Rajshahi,Rajpara,5,1,3,8,16,1,0,0,1,0,1,1,80,336,0,0,0,1,0,0
20890000,2791,Dhaka,Mirpur-10,2,2,8,11,18,1,1,1,0,0,1,1,60,389,1,0,1,0,0,0
16610000,1795,Dhaka,Shyamoli,2,2,8,8,16,1,1,1,1,1,1,1,10,334,0,1,1,1,0,1
13090000,2429,Chattogram,Pahartali,4,2,5,10,7,1,1,1,1,0,1,2,30,235,1,0,0,0,1,0
7400000,1463,Rajshahi,Motihar,4,1,11,11,1,1,0,0,0,1,1,1,15,525,0,1,1,1,0,0
19650000,2164,Sylhet,Uposhohor,4,1,2,4,30,0,1,0,1,0,1,2,80,492,1,0,0,0,0,0
13400000,1982,Chattogram,Halishahar,3,2,9,9,26,1,1,1,1,1,1,1,10,62,1,1,1,1,1,1
29580000,1488,Dhaka,Gulshan-1,2,1,2,6,4,1,1,1,1,1,1,2,30,722,0,0,0,1,0,1
21560000,2457,Dhaka,Shyamoli,4,4,12,14,8,1,1,0,1,0,1,1,15,125,1,0,1,0,0,0
14010000,2615,Chattogram,Pahartali,2,1,9,12,6,1,0,1,1,0,0,0,40,708,1,0,0,1,0,0
20190000,2199,Dhaka,Shyamoli,4,2,12,13,18,1,1,0,0,0,1,2,10,577,0,0,1,0,0,0
15090000,2792,Rajshahi,Boalia,4,3,11,12,1,1,0,0,0,0,0,0,60,712,1,1,1,0,0,0
11720000,1037,Sylhet,Uposhohor,4,4,2,5,23,1,0,1,1,1,0,0,15,193,0,0,1,1,0,1
4290000,751,Rajshahi,Boalia,4,1,6,11,1,1,0,0,0,0,0,0,30,171,1,0,0,1,1,0
9380000,787,Dhaka,Uttara,3,3,11,11,5,1,1,0,0,1,1,1,60,101,0,1,1,0,1,0
14450000,1981,Chattogram,Muradpur,5,3,2,6,17,1,0,0,1,1,0,0,15,379,1,0,1,1,0,0
22180000,1009,Dhaka,Banani,5,2,1,1,0,0,1,1,1,1,0,0,10,233,1,0,0,1,1,1
8700000,1709,Chattogram,Pahartali,5,4,4,4,19,1,0,0,0,0,1,1,15,784,1,0,0,0,0,0
11890000,1452,Chattogram,Muradpur,4,1,4,4,21,0,1,1,1,1,1,1,80,535,0,1,1,1,0,1
5340000,1027,Rajshahi,Boalia,2,1,3,3,15,0,0,0,1,0,0,0,40,168,1,0,1,1,0,0
9660000,1503,Chattogram,Muradpur,2,2,10,10,28,1,0,0,1,0,0,0,30,198,0,0,1,1,0,0
7850000,1159,Dhaka,Mirpur-1,2,2,8,9,24,1,1,0,0,1,1,1,20,275,0,0,1,0,0,0
13710000,2539,Chattogram,Halishahar,5,3,1,4,23,0,0,0,1,0,0,0,80,302,1,0,1,1,0,0
22880000,2775,Dhaka,Mohammadpur,5,4,12,12,14,1,1,0,0,1,0,0,30,296,1,0,1,1,0,0
4230000,699,Rajshahi,Poba,5,4,3,8,12,1,0,0,1,0,1,2,15,429,1,1,1,1,0,0
5330000,931,Chattogram,Pahartali,4,1,9,11,28,1,0,0,1,0,1,1,10,163,1,0,1,0,1,0
23350000,2559,Dhaka,Shyamoli,3,3,4,5,28,1,1,0,0,0,1,2,20,565,0,0,1,0,0,0
9740000,2107,Rajshahi,Poba,2,1,8,8,12,1,1,1,1,1,0,0,15,345,0,0,0,1,0,1
11720000,1140,Sylhet,Uposhohor,5,3,7,7,9,1,1,0,0,0,0,0,15,114,1,0,1,0,0,0
8210000,1845,Rajshahi,Shah Makhdum,3,2,3,5,7,1,1,0,0,1,1,1,30,430,0,0,1,0,0,0
17750000,1574,Chattogram,GEC Circle,2,1,6,7,14,1,0,0,0,1,0,0,20,428,1,0,1,1,1,0
11330000,2476,Rajshahi,Motihar,4,2,1,5,16,1,0,0,0,0,1,2,20,712,0,0,0,0,0,0
19760000,2561,Dhaka,Tejgaon,2,1,11,11,9,1,1,1,1,0,1,2,10,461,0,1,0,1,1,0
14020000,2696,Rajshahi,Boalia,5,2,8,10,19,1,1,0,0,0,1,2,40,107,1,1,0,0,1,0
13120000,2412,Rajshahi,Shah Makhdum,4,2,12,15,4,1,1,1,1,1,1,2,80,651,1,0,0,1,0,1
5210000,627,Rajshahi,Boalia,5,3,7,8,22,1,1,1,1,1,0,0,40,190,0,1,0,0,0,1
3680000,709,Rajshahi,Motihar,2,1,5,7,26,1,0,0,0,0,0,0,60,533,1,1,1,0,1,0
18860000,2568,Sylhet,Shahjalal,5,3,11,14,22,1,0,0,1,1,1,1,80,172,1,0,1,1,1,0
3990000,799,Rajshahi,Rajpara,4,3,9,9,16,1,0,1,0,1,0,0,15,693,0,0,1,0,0,0
6540000,652,Sylhet,Amberkhana,3,3,5,6,13,1,0,0,0,0,0,0,20,216,0,0,0,0,0,0
21920000,2486,Dhaka,Mohammadpur,2,1,3,3,11,0,0,1,1,1,1,1,20,757,0,1,1,0,1,1
7720000,1183,Chattogram,Pahartali,3,2,3,3,2,0,0,1,1,1,0,0,30,757,1,1,0,1,1,1
5450000,777,Dhaka,Mirpur-1,2,2,11,11,25,1,1,0,1,1,0,0,10,666,0,1,1,1,0,0
6500000,879,Chattogram,Halishahar,2,1,9,9,30,1,0,1,1,1,1,2,20,225,0,0,0,1,0,1
6990000,1039,Chattogram,Muradpur,3,2,7,8,16,1,1,0,0,0,0,0,15,467,1,1,0,1,0,0
11030000,2471,Rajshahi,Rajpara,4,4,4,7,9,1,0,0,0,0,0,0,80,488,1,0,0,1,0,0
25440000,1187,Dhaka,Gulshan-2,5,4,12,12,23,1,1,1,1,1,1,1,15,116,0,0,1,0,0,1
14710000,1718,Sylhet,Shahjalal,5,3,8,12,30,1,0,1,1,0,1,2,30,546,0,1,1,1,1,0
43540000,2167,Dhaka,Banani,4,2,5,9,3,1,1,1,1,1,1,2,80,128,0,0,1,0,0,1
14250000,2007,Sylhet,Shahjalal,2,1,7,7,14,1,1,0,0,1,1,1,20,435,0,0,1,0,0,0
13780000,2609,Dhaka,Rayer Bazar,5,4,9,10,16,1,0,0,0,1,1,1,10,450,1,1,0,1,0,0
18940000,1997,Dhaka,Shyamoli,5,1,7,8,13,1,1,0,1,0,1,2,20,107,0,1,1,1,1,0
9260000,2708,Rajshahi,Poba,5,3,1,4,18,0,1,0,0,1,1,1,10,374,1,0,0,1,1,0
10920000,2635,Rajshahi,Motihar,2,1,5,5,9,1,0,0,0,0,0,0,40,461,1,0,1,1,0,0
17890000,1836,Dhaka,Shyamoli,4,4,11,13,6,1,1,0,1,1,1,1,30,461,0,0,1,1,0,0
11720000,2782,Rajshahi,Rajpara,5,1,9,10,14,1,0,0,0,0,0,0,15,296,0,0,0,1,1,0
14950000,1567,Chattogram,Nasirabad,5,2,2,2,0,0,0,0,1,1,1,1,15,367,1,0,1,0,0,0
18740000,2590,Dhaka,Tejgaon,2,1,2,4,9,0,1,0,0,1,1,1,80,115,0,0,1,0,0,0
10500000,969,Sylhet,Uposhohor,3,3,2,8,10,1,0,1,0,1,1,2,20,648,1,0,1,1,0,0
6560000,2134,Rajshahi,Poba,2,2,9,12,21,1,0,0,1,0,0,0,15,334,0,0,0,0,0,0
18730000,2175,Chattogram,Nasirabad,4,3,11,11,27,1,1,0,1,1,0,0,30,447,0,1,1,0,0,0
8230000,738,Sylhet,Uposhohor,4,1,8,11,29,1,0,1,1,1,1,2,80,390,1,0,0,1,0,0
26080000,1352,Dhaka,Gulshan-1,5,2,1,2,20,1,1,1,1,1,1,2,20,371,0,0,0,0,0,1
10450000,2449,Rajshahi,Rajpara,5,2,5,6,25,1,1,0,0,0,0,0,20,253,1,0,0,0,0,0
16000000,1412,Dhaka,Uttara,4,2,1,4,19,1,1,1,0,0,0,0,20,202,0,0,1,1,1,0
23110000,2624,Sylhet,Zindabazar,5,2,7,8,19,1,0,0,1,1,1,2,15,339,1,0,0,1,0,0
4080000,642,Rajshahi,Boalia,5,2,6,9,21,1,0,0,1,1,1,1,15,780,1,1,0,0,0,0
32680000,1638,Dhaka,Gulshan-1,5,3,7,9,4,1,1,1,1,1,1,2,40,92,1,0,1,1,1,1
6820000,1666,Rajshahi,Motihar,2,2,1,2,27,0,0,0,0,0,1,2,80,337,0,0,1,0,0,0
14350000,2402,Chattogram,Halishahar,2,1,3,3,5,0,1,1,1,1,1,1,10,531,0,0,1,0,0,1
3850000,1060,Rajshahi,Shah Makhdum,3,1,6,6,27,1,0,0,0,1,0,0,20,234,0,1,0,1,0,0
8350000,986,Chattogram,Muradpur,4,1,5,10,3,1,1,0,1,0,1,2,30,432,0,0,0,1,0,0
23170000,2455,Sylhet,Sylhet Sadar,4,2,4,4,25,0,0,0,1,1,1,1,60,339,1,0,1,1,1,0
8510000,1767,Rajshahi,Shah Makhdum,3,1,5,8,23,1,1,1,0,1,1,2,80,367,1,1,1,0,1,0
7920000,1363,Rajshahi,Rajpara,5,4,2,2,14,1,0,0,0,1,1,2,60,279,1,0,1,1,1,0
23290000,2742,Sylhet,Amberkhana,5,3,10,10,29,1,0,0,0,0,0,0,10,575,1,0,0,1,0,0
6610000,1346,Rajshahi,Motihar,5,1,2,4,10,0,0,0,0,0,1,1,40,791,1,1,0,1,0,0
2500000,673,Rajshahi,Poba,2,2,2,2,20,0,0,0,0,0,1,2,30,521,0,0,0,0,0,0
22220000,1153,Dhaka,Banani,2,1,2,2,22,0,1,1,1,1,0,0,15,77,1,0,0,1,1,1
11810000,2541,Rajshahi,Motihar,5,1,2,2,23,0,0,1,0,0,1,1,60,505,1,1,0,0,0,0
8780000,1791,Rajshahi,Poba,2,2,7,10,7,1,0,1,1,1,1,2,60,112,0,1,0,0,1,1
21680000,2386,Sylhet,Uposhohor,2,1,5,6,15,1,0,0,0,0,0,0,20,498,0,0,0,0,0,0
11270000,2534,Rajshahi,Rajpara,3,3,4,6,23,1,1,1,1,1,1,1,10,733,0,1,1,0,0,1
5540000,792,Chattogram,Halishahar,2,2,5,7,5,1,1,1,1,0,0,0,15,565,1,0,0,0,0,0
23970000,2711,Sylhet,Amberkhana,2,1,8,11,30,1,0,0,1,0,0,0,80,163,0,1,1,1,0,0
27860000,2672,Sylhet,Uposhohor,5,1,3,5,10,1,0,0,0,1,0,0,80,191,0,1,1,1,0,0
8410000,1605,Rajshahi,Rajpara,3,3,7,8,4,1,0,0,0,0,1,1,80,489,0,0,0,0,0,0
49130000,1985,Dhaka,Gulshan-2,4,4,3,3,12,0,1,1,1,1,1,2,80,87,0,0,0,0,0,1
19840000,2246,Sylhet,Uposhohor,4,3,6,6,28,1,0,1,0,0,0,0,40,675,0,0,0,0,0,0
9970000,945,Chattogram,Nasirabad,2,2,7,12,23,1,1,0,0,0,1,2,15,582,1,1,0,0,1,0
24740000,2669,Sylhet,Uposhohor,2,1,6,8,16,1,0,0,0,1,0,0,20,176,1,1,0,0,0,0
22800000,1825,Chattogram,Nasirabad,4,2,12,13,3,1,0,1,1,1,1,2,20,578,1,1,1,1,1,1
10690000,2550,Rajshahi,Motihar,3,2,2,4,16,0,1,0,0,0,1,2,30,652,0,0,0,0,1,0
16530000,2474,Chattogram,Muradpur,3,3,9,13,3,1,0,0,0,0,1,1,60,267,0,0,1,0,1,0
22640000,2121,Chattogram,Agrabad,4,3,5,6,0,1,0,0,0,1,0,0,80,196,1,0,1,1,1,0
19810000,2570,Dhaka,Mohammadpur,4,4,6,9,15,1,1,1,1,1,1,2,80,787,0,0,0,1,0,1
13320000,2277,Dhaka,Rayer Bazar,5,2,7,9,1,1,1,1,1,0,1,2,60,503,0,1,0,0,1,0
13390000,2737,Dhaka,Rayer Bazar,3,2,9,9,21,1,1,0,0,0,0,0,40,234,1,0,1,0,0,0
18650000,2390,Dhaka,Mirpur-10,3,2,1,5,10,1,1,1,1,1,0,0,30,313,1,1,1,1,0,1
6130000,841,Rajshahi,Motihar,4,2,1,1,9,0,1,1,1,1,1,1,30,151,0,0,1,1,0,1
20960000,2683,Chattogram,Muradpur,5,1,5,5,14,1,0,1,0,1,0,0,40,466,0,0,1,0,0,0
18290000,2266,Sylhet,Shahjalal,5,1,11,12,25,1,0,0,0,0,1,2,15,432,1,1,1,0,1,0
9870000,846,Chattogram,Agrabad,5,3,10,12,12,1,0,1,0,0,0,0,20,697,1,1,1,1,0,0
14090000,1463,Sylhet,Uposhohor,4,3,11,13,14,1,1,0,0,1,1,2,20,301,0,0,1,1,0,0
18660000,2602,Chattogram,Muradpur,5,1,11,11,17,1,1,0,0,0,1,1,10,737,1,0,0,1,0,0
5490000,638,Chattogram,Muradpur,3,3,1,3,21,0,1,1,1,1,0,0,60,416,0,1,1,1,1,1
17130000,1403,Chattogram,Agrabad,5,1,5,9,15,1,0,0,0,1,0,0,15,615,1,1,1,0,1,0
6590000,694,Sylhet,Amberkhana,4,4,1,1,27,0,0,0,0,0,1,1,20,492,1,1,1,1,1,0
8750000,935,Chattogram,Nasirabad,2,1,12,12,29,1,1,0,1,0,0,0,15,251,1,0,0,0,1,0
8040000,1995,Rajshahi,Motihar,2,2,9,10,30,1,1,0,1,0,1,2,10,664,0,1,0,0,0,0
9610000,824,Dhaka,Uttara,4,4,2,2,17,0,1,0,0,0,1,1,10,351,1,0,1,0,1,0
27500000,2718,Dhaka,Uttara,4,2,2,2,19,1,1,0,1,0,1,2,60,119,0,0,1,0,1,0
21080000,2385,Sylhet,Shahjalal,4,3,10,11,4,1,1,1,0,0,1,2,30,366,1,0,0,0,0,0
15130000,1424,Chattogram,GEC Circle,2,2,4,7,22,1,0,0,0,1,1,2,60,528,1,1,0,0,0,0
14180000,1513,Dhaka,Shyamoli,3,2,10,10,15,1,1,0,1,1,1,2,60,389,1,0,1,1,0,0
7380000,721,Sylhet,Sylhet Sadar,3,1,5,5,28,1,0,1,1,0,0,0,20,786,0,1,0,1,0,0
11590000,1461,Dhaka,Mirpur-10,4,4,4,5,21,1,1,1,0,0,1,2,15,589,1,1,1,0,0,0
15020000,1374,Chattogram,Agrabad,4,2,6,6,20,1,0,0,1,1,0,0,80,336,1,0,1,1,0,0
27080000,2725,Sylhet,Uposhohor,5,2,6,8,16,1,0,0,0,0,1,2,60,544,0,1,0,1,1,0
21110000,2340,Chattogram,Nasirabad,5,2,6,8,2,1,1,0,0,0,1,1,15,136,1,0,1,0,0,0
7450000,1335,Rajshahi,Boalia,5,2,5,5,11,1,0,0,0,1,1,2,10,351,1,1,1,1,0,0
12820000,1380,Sylhet,Zindabazar,3,3,12,14,0,1,0,0,0,0,1,1,80,356,0,0,1,0,1,0
8000000,1529,Rajshahi,Motihar,3,2,4,8,25,1,1,1,0,0,1,2,40,529,0,0,1,0,1,0
6480000,1125,Chattogram,Halishahar,4,1,8,13,26,1,0,0,0,0,0,0,20,397,1,1,0,0,1,0
16000000,2201,Sylhet,Shahjalal,5,2,7,7,6,1,0,0,1,1,1,1,30,161,0,1,0,1,1,0
13570000,1762,Dhaka,Mohammadpur,3,1,5,9,2,1,1,0,0,1,1,1,30,108,1,0,1,1,0,0
20110000,1442,Chattogram,GEC Circle,4,4,12,15,5,1,0,0,1,1,1,1,40,638,1,1,1,0,0,0
10000000,2495,Rajshahi,Shah Makhdum,2,1,5,8,11,1,0,0,0,1,1,1,60,778,0,0,1,0,0,0
7230000,778,Dhaka,Mohammadpur,3,1,5,9,9,1,0,0,0,1,1,2,60,118,1,0,1,0,0,0
14970000,1449,Chattogram,Nasirabad,2,2,1,1,12,1,1,0,0,0,0,0,20,458,1,1,1,1,0,0
12950000,1743,Chattogram,Muradpur,3,1,1,1,5,1,0,1,1,0,1,2,20,177,1,0,0,1,0,0
26630000,2741,Dhaka,Shyamoli,2,2,12,13,1,1,1,0,0,1,0,0,40,54,1,0,0,1,1,0
15680000,995,Dhaka,Dhanmondi,3,3,3,3,16,0,1,1,1,1,1,1,10,384,1,0,0,1,1,1
13980000,1311,Sylhet,Zindabazar,2,2,11,11,12,1,0,1,1,1,0,0,15,519,0,1,1,1,0,1
15510000,2796,Rajshahi,Boalia,3,2,2,4,20,0,1,1,0,0,1,2,60,447,0,0,1,1,0,0
10440000,2693,Rajshahi,Shah Makhdum,3,3,10,10,7,1,0,0,0,1,0,0,10,681,1,1,1,1,1,0
7610000,1149,Rajshahi,Rajpara,4,3,11,17,1,1,0,1,0,1,1,2,40,474,1,1,0,0,0,0
13750000,2162,Chattogram,Halishahar,4,2,8,8,2,1,1,0,0,1,0,0,80,553,1,0,0,1,0,0
8960000,1875,Rajshahi,Shah Makhdum,3,3,4,5,5,1,0,0,1,0,1,1,40,304,1,0,1,1,0,0
12060000,2574,Rajshahi,Motihar,2,2,7,7,24,1,0,1,1,1,1,2,20,659,1,0,1,1,0,1
9970000,1159,Dhaka,Mirpur-10,5,2,3,3,0,0,0,0,0,0,1,2,80,562,0,0,1,1,0,0
5050000,1265,Rajshahi,Poba,3,2,5,11,23,1,0,0,0,0,1,2,20,571,0,1,1,0,0,0
9450000,1205,Dhaka,Tejgaon,4,4,11,12,7,1,1,0,0,0,1,2,40,642,1,0,0,1,1,0
10460000,2348,Rajshahi,Motihar,4,3,9,12,18,1,1,0,0,0,1,2,20,471,1,1,0,0,1,0
5380000,606,Chattogram,Muradpur,2,1,12,15,20,1,1,1,1,1,1,1,20,800,0,1,1,0,0,1
16560000,1423,Chattogram,GEC Circle,2,1,4,5,14,1,1,0,0,1,0,0,60,689,1,0,1,0,1,0
4420000,629,Dhaka,Mirpur-1,2,1,4,4,12,0,1,0,0,0,1,1,40,582,0,0,0,0,0,0
15630000,1952,Dhaka,Mirpur-10,2,1,8,13,12,1,1,0,0,0,0,0,60,192,0,0,1,1,1,0
21300000,2075,Sylhet,Sylhet Sadar,2,2,11,12,19,1,1,0,0,0,1,2,30,459,0,0,0,0,1,0
7500000,1186,Chattogram,Pahartali,2,1,8,8,9,1,0,0,0,0,1,2,80,739,0,1,1,0,0,0
7130000,719,Dhaka,Mohammadpur,3,2,7,9,7,1,1,1,0,0,1,2,60,313,1,0,0,0,0,0
16530000,2005,Dhaka,Shyamoli,5,4,11,15,30,1,1,1,1,0,0,0,80,497,0,0,1,1,0,0
2860000,606,Rajshahi,Poba,4,1,10,11,27,1,0,0,1,0,1,1,30,483,0,1,1,0,0,0
24080000,2647,Sylhet,Amberkhana,5,2,10,10,23,1,1,0,1,0,0,0,60,769,0,0,0,1,0,0
9950000,1964,Rajshahi,Boalia,3,3,4,9,29,1,0,0,0,0,1,2,80,280,1,0,0,1,1,0
9300000,2330,Rajshahi,Rajpara,5,3,7,7,16,1,1,0,0,1,1,1,60,339,0,0,0,0,0,0
7450000,1163,Rajshahi,Motihar,5,4,5,5,6,1,1,0,1,0,1,2,80,250,0,1,0,0,1,0
39500000,2056,Dhaka,Gulshan-2,5,2,1,1,18,0,1,1,1,1,1,2,30,202,1,1,1,0,1,1
14610000,2499,Rajshahi,Boalia,5,3,11,14,11,1,0,1,1,1,0,0,10,172,0,0,1,0,0,1
14850000,1341,Sylhet,Sylhet Sadar,5,4,11,14,9,1,0,0,0,0,0,0,40,178,0,1,0,0,0,0
15560000,1108,Dhaka,Bashundhara,3,3,2,2,0,1,1,1,1,1,1,1,40,507,1,0,0,1,0,1
10410000,1302,Sylhet,Zindabazar,5,1,4,4,30,1,0,0,0,0,1,2,40,350,0,0,0,0,1,0
17460000,1180,Dhaka,Dhanmondi,4,2,3,7,6,1,1,1,1,1,1,1,40,417,0,1,1,1,0,1
5740000,941,Rajshahi,Shah Makhdum,4,4,12,12,2,1,0,1,0,0,1,1,60,800,0,0,1,1,0,0
3390000,706,Rajshahi,Shah Makhdum,3,1,5,5,21,1,1,0,0,1,0,0,40,466,0,1,1,0,1,0
27160000,1319,Dhaka,Gulshan-2,4,4,2,4,22,1,1,1,1,1,1,2,40,338,1,1,0,1,0,1
5280000,1122,Rajshahi,Shah Makhdum,4,1,11,12,21,1,1,0,0,0,1,1,15,196,0,0,1,1,0,0
25310000,2657,Sylhet,Uposhohor,4,3,7,8,9,1,1,1,1,0,1,1,60,139,0,1,1,0,0,0
10140000,2336,Rajshahi,Boalia,3,2,8,12,22,1,0,0,0,0,0,0,10,465,0,1,0,0,0,0
13820000,2437,Dhaka,Rayer Bazar,3,3,9,9,2,1,1,0,1,0,1,2,20,186,1,0,0,0,0,0
19600000,2578,Sylhet,Zindabazar,4,3,4,4,6,1,0,0,0,0,1,2,20,708,0,1,1,1,0,0
14030000,2052,Chattogram,Muradpur,2,1,7,8,2,1,0,1,0,1,0,0,40,576,1,1,1,0,0,0
23840000,2396,Sylhet,Sylhet Sadar,5,2,3,5,13,1,1,1,1,1,1,2,10,417,1,1,0,0,1,1
12710000,1688,Chattogram,Muradpur,2,2,8,11,25,1,0,0,0,0,0,0,60,781,0,1,1,1,1,0
24720000,2648,Chattogram,Nasirabad,2,1,1,3,13,1,1,0,0,0,1,1,40,58,1,1,1,1,0,0
11960000,2541,Rajshahi,Motihar,2,1,4,8,20,1,0,1,1,1,0,0,60,202,1,1,1,1,1,1
18980000,2268,Dhaka,Mohammadpur,4,2,4,5,15,1,1,0,1,0,1,1,10,572,1,1,1,1,1,0
16590000,1768,Sylhet,Amberkhana,5,3,10,10,5,1,1,0,0,0,1,1,20,553,1,1,0,0,0,0
16900000,1730,Sylhet,Amberkhana,3,3,7,7,4,1,0,1,1,1,0,0,60,666,0,0,1,1,1,1
22210000,2542,Sylhet,Zindabazar,3,3,12,12,4,1,0,0,0,0,1,2,15,478,1,1,0,1,0,0
10720000,2745,Rajshahi,Shah Makhdum,2,1,10,12,30,1,1,0,1,0,0,0,15,346,1,0,1,1,0,0
8290000,2198,Rajshahi,Poba,5,3,4,4,5,0,0,0,0,0,1,2,40,273,1,1,0,0,1,0
19200000,1575,Dhaka,Bashundhara,4,1,11,12,29,1,1,0,0,1,0,0,15,326,1,0,1,1,0,0
19200000,2272,Sylhet,Amberkhana,4,3,1,1,26,1,0,0,0,0,1,2,20,274,0,1,0,1,0,0
9980000,1503,Chattogram,Muradpur,4,3,4,7,4,1,1,0,1,1,1,2,30,287,1,0,1,1,0,0
16740000,1870,Sylhet,Sylhet Sadar,3,1,7,11,6,1,0,0,0,0,0,0,10,196,1,0,1,1,0,0
16660000,779,Dhaka,Gulshan-1,3,1,2,2,30,0,1,1,1,1,0,0,60,664,0,0,0,0,1,1
19290000,2419,Chattogram,Muradpur,3,2,6,7,7,1,0,1,1,0,1,2,10,606,1,0,1,1,1,0
15650000,2178,Chattogram,Muradpur,3,2,11,11,29,1,0,1,1,1,1,2,60,443,1,0,1,0,1,0
25190000,1218,Dhaka,Gulshan-1,3,2,9,11,5,1,0,1,1,1,0,0,60,485,0,1,0,1,0,1
8750000,912,Sylhet,Zindabazar,2,1,11,12,4,1,0,0,1,0,1,2,30,507,0,1,1,1,0,0
27100000,2624,Sylhet,Zindabazar,5,4,12,14,4,1,0,0,0,0,0,0,80,719,1,1,0,1,0,0
5540000,957,Chattogram,Pahartali,3,2,1,1,11,1,1,0,0,0,0,0,40,535,1,1,0,0,0,0
17930000,1519,Chattogram,GEC Circle,2,1,2,7,4,1,0,1,1,0,0,0,30,800,1,0,1,1,1,0
7100000,651,Chattogram,Agrabad,5,2,3,4,23,0,0,0,1,1,1,1,40,765,1,0,0,1,1,0
8840000,2460,Rajshahi,Shah Makhdum,4,3,12,13,29,1,0,1,1,0,0,0,15,328,1,1,0,0,0,0
9390000,1882,Rajshahi,Shah Makhdum,5,4,3,3,20,1,0,1,1,1,1,1,30,249,0,1,1,1,1,1
8460000,1368,Dhaka,Mirpur-1,3,3,1,2,2,0,1,0,0,1,0,0,40,628,1,1,1,1,0,0
9400000,998,Sylhet,Amberkhana,4,4,12,12,16,1,1,0,0,1,0,0,80,203,1,0,0,1,0,0
6260000,1176,Chattogram,Pahartali,3,3,9,13,20,1,1,0,0,0,1,1,40,399,0,0,1,1,0,0
47720000,2637,Dhaka,Banani,2,1,3,9,9,1,1,1,1,1,1,1,40,139,1,0,1,1,0,1
33200000,1333,Dhaka,Gulshan-2,5,3,8,9,20,1,1,1,1,1,1,2,15,176,1,1,1,0,0,1
13940000,2699,Rajshahi,Rajpara,4,3,2,5,16,1,0,1,1,1,1,2,30,319,1,0,0,0,1,1
15530000,2139,Dhaka,Mirpur-1,3,3,7,7,7,1,1,1,1,1,1,2,30,523,0,0,1,1,0,1
7080000,1417,Rajshahi,Shah Makhdum,5,3,2,3,19,1,0,0,0,1,1,2,30,267,1,0,0,0,1,0
23910000,2539,Sylhet,Uposhohor,3,1,4,4,30,0,1,1,0,1,1,1,80,750,0,0,1,0,1,0
45760000,2355,Dhaka,Gulshan-2,4,3,3,4,30,0,1,1,1,1,1,1,30,543,0,0,0,0,0,1
15200000,1192,Chattogram,Agrabad,4,3,1,2,29,0,0,1,1,1,1,1,15,561,0,1,1,0,1,1
4750000,999,Rajshahi,Poba,2,1,12,13,22,1,1,0,0,0,1,2,40,220,1,0,1,0,0,0
18730000,2644,Dhaka,Tejgaon,5,4,7,8,26,1,1,0,0,0,1,2,40,486,0,1,1,1,0,0
3840000,1006,Rajshahi,Rajpara,2,1,2,2,19,0,0,0,0,0,1,1,30,156,0,0,1,0,0,0
34830000,2523,Dhaka,Dhanmondi,2,2,8,11,0,1,1,1,1,1,1,2,20,279,0,1,0,0,0,1
21800000,2298,Chattogram,Agrabad,2,1,1,2,26,0,0,0,1,0,1,2,80,581,1,0,0,0,0,0
